{"cameraMode":{"drawMode":0,"name":"Shaded","section":"Shading Mode"},"sceneLighting":false,"audioPlay":false,"sceneViewState":{"showFog":false,"showMaterialUpdate":false,"showSkybox":false,"showFlares":false,"showImageEffects":false,"showParticleSystems":false},"in2DMode":false,"pivot":{"x":-1.3089460134506226,"y":-0.22921958565711976,"z":-0.4275583028793335},"rotation":{"x":0.06813649833202362,"y":-0.9314903020858765,"z":0.23865200579166413,"w":0.2659461498260498},"size":1.3717610836029053,"orthographic":false}