{"cameraMode":{"drawMode":0,"name":"Shaded","section":"Shading Mode"},"sceneLighting":true,"audioPlay":false,"sceneViewState":{"showFog":false,"showMaterialUpdate":false,"showSkybox":false,"showFlares":false,"showImageEffects":false,"showParticleSystems":false},"in2DMode":false,"pivot":{"x":-0.13357651233673097,"y":2.4666519165039064,"z":-5.709542274475098},"rotation":{"x":0.09914368391036987,"y":-0.00715364096686244,"z":0.0007128720171749592,"w":0.9950478672981262},"size":1.0739085674285889,"orthographic":false}