{"cameraMode":{"drawMode":0,"name":"Shaded","section":"Shading Mode"},"sceneLighting":true,"audioPlay":false,"sceneViewState":{"showFog":false,"showMaterialUpdate":false,"showSkybox":false,"showFlares":false,"showImageEffects":false,"showParticleSystems":false},"in2DMode":false,"pivot":{"x":-12.356178283691407,"y":-0.838843822479248,"z":13.244235038757325},"rotation":{"x":-0.07438480854034424,"y":0.3586978316307068,"z":-0.028687311336398126,"w":-0.9300482273101807},"size":10.646349906921387,"orthographic":false}