{"cameraMode":{"drawMode":0,"name":"Shaded","section":"Shading Mode"},"sceneLighting":true,"audioPlay":false,"sceneViewState":{"showFog":false,"showMaterialUpdate":false,"showSkybox":false,"showFlares":false,"showImageEffects":false,"showParticleSystems":false},"in2DMode":false,"pivot":{"x":-1.9321355819702149,"y":1.6270813941955567,"z":-0.04915669560432434},"rotation":{"x":0.10073906928300858,"y":-0.7062309384346008,"z":0.10262943804264069,"w":0.6932274699211121},"size":1.9084603786468506,"orthographic":false}